{
  "Groww": {
    "NSE": {
      "Intraday": {
        "brokerage": 0.0003,
        "brokerage_max": 20,
        "stt": 0.00025,
        "etc": 0.0000345,
        "sebi": 0.000001,
        "gst": 0.18,
        "stamp_duty": 0.00003
      },
      "Delivery": {
        "brokerage": 0,
        "brokerage_max": 0,
        "stt": 0.001,
        "etc": 0.0000345,
        "sebi": 0.000001,
        "gst": 0.18,
        "stamp_duty": 0.00015
      }
    },
    "BSE": {
      "Intraday": {
        "brokerage": 0.0003,
        "brokerage_max": 20,
        "stt": 0.00025,
        "etc": 0.0000345,
        "sebi": 0.000001,
        "gst": 0.18,
        "stamp_duty": 0.00003
      },
      "Delivery": {
        "brokerage": 0,
        "brokerage_max": 0,
        "stt": 0.001,
        "etc": 0.0000345,
        "sebi": 0.000001,
        "gst": 0.18,
        "stamp_duty": 0.00015
      }
    }
  },
  "Zerodha": {
    "NSE": {
      "Intraday": {
        "brokerage": 0.0003,
        "brokerage_max": 20,
        "stt": 0.00025,
        "etc": 0.0000325,
        "sebi": 0.000001,
        "gst": 0.18,
        "stamp_duty": 0.00003
      },
      "Delivery": {
        "brokerage": 0,
        "brokerage_max": 0,
        "stt": 0.001,
        "etc": 0.0000325,
        "sebi": 0.000001,
        "gst": 0.18,
        "stamp_duty": 0.00015
      }
    },
    "BSE": {
      "Intraday": {
        "brokerage": 0.0003,
        "brokerage_max": 20,
        "stt": 0.00025,
        "etc": 0.0000325,
        "sebi": 0.000001,
        "gst": 0.18,
        "stamp_duty": 0.00003
      },
      "Delivery": {
        "brokerage": 0,
        "brokerage_max": 0,
        "stt": 0.001,
        "etc": 0.0000325,
        "sebi": 0.000001,
        "gst": 0.18,
        "stamp_duty": 0.00015
      }
    }
  },
  "IND Money": {
    "NSE": {
      "Intraday": {
        "brokerage": 0.00025,
        "brokerage_max": 15,
        "stt": 0.00025,
        "etc": 0.00003,
        "sebi": 0.000001,
        "gst": 0.18,
        "stamp_duty": 0.00003
      },
      "Delivery": {
        "brokerage": 0,
        "brokerage_max": 0,
        "stt": 0.001,
        "etc": 0.00003,
        "sebi": 0.000001,
        "gst": 0.18,
        "stamp_duty": 0.00015
      }
    },
    "BSE": {
      "Intraday": {
        "brokerage": 0.00025,
        "brokerage_max": 15,
        "stt": 0.00025,
        "etc": 0.00003,
        "sebi": 0.000001,
        "gst": 0.18,
        "stamp_duty": 0.00003
      },
      "Delivery": {
        "brokerage": 0,
        "brokerage_max": 0,
        "stt": 0.001,
        "etc": 0.00003,
        "sebi": 0.000001,
        "gst": 0.18,
        "stamp_duty": 0.00015
      }
    }
  }
}
